AF10,IO_L14N_T2_SRCC_33,A0,,I/O,9,
AJ12,IO_L22N_T3_33,A1,,I/O,9,
AK10,IO_L17N_T2_33,A2,,I/O,9,
AJ11,IO_L18N_T2_33,A3,,I/O,9,
AF12,IO_L23P_T3_33,A4,,I/O,9,
AK11,IO_L17P_T2_33,A5,,I/O,9,
AH14,IO_L21P_T3_DQS_33,A6,,I/O,9,
AG13,IO_L24P_T3_33,A7,,I/O,9,
AJ14,IO_L21N_T3_DQS_33,A8,,I/O,9,
AH11,IO_L18P_T2_33,A9,,I/O,9,
AG9,IO_L16P_T2_33,A10,,I/O,9,
AH12,IO_L24N_T3_33,A11,,I/O,9,
AG12,IO_L23N_T3_33,A12,,I/O,9,
AK13,IO_L20N_T3_33,A13,,I/O,9,
AJ13,IO_L22P_T3_33,A14,,I/O,9,
AD11,IO_L12N_T1_MRCC_33,A15,,I/O,9,
AK9,IO_L15N_T2_DQS_33,BA0,,I/O,9,
AH9,IO_L16N_T2_33,BA1,,I/O,9,
AE13,IO_L19P_T3_33,BA2,,I/O,9,
AC11,IO_L9N_T1_DQS_33,CAS_N,,I/O,9,
AE10,IO_L14P_T2_SRCC_33,CE0_N,,I/O,9,
L10,CFGBVS_0,CFGBVS_0,,Input,11,
AD12,IO_L12P_T1_MRCC_33,CKE0,,I/O,9,
AF11,IO_L11N_T1_SRCC_33,CLK0_N,,I/O,9,
AE11,IO_L11P_T1_SRCC_33,CLK0_P,,I/O,9,
B25,IO_L12N_T1_MRCC_16,CLKS1_CLK0_M2C_N,,I/O,5,
C25,IO_L12P_T1_MRCC_16,CLKS1_CLK0_M2C_P,,I/O,5,
E20,IO_L12N_T1_MRCC_17,CLKS1_CLK1_M2C_N,,I/O,6,
F20,IO_L12P_T1_MRCC_17,CLKS1_CLK1_M2C_P,,I/O,6,
C27,IO_L13N_T2_MRCC_16,CLKS1_CLK2_BIDIR_N,,I/O,5,
D27,IO_L13P_T2_MRCC_16,CLKS1_CLK2_BIDIR_P,,I/O,5,
D18,IO_L13N_T2_MRCC_17,CLKS1_CLK3_BIDIR_N,,I/O,6,
D17,IO_L13P_T2_MRCC_17,CLKS1_CLK3_BIDIR_P,,I/O,6,
U28,IO_L13N_T2_MRCC_14,CLKS2_CLK0_M2C_N,,I/O,3,
U27,IO_L13P_T2_MRCC_14,CLKS2_CLK0_M2C_P,,I/O,3,
AH29,IO_L13N_T2_MRCC_13,CLKS2_CLK1_M2C_N,,I/O,2,
AG29,IO_L13P_T2_MRCC_13,CLKS2_CLK1_M2C_P,,I/O,2,
T27,IO_L12N_T1_MRCC_14,CLKS2_CLK2_BIDIR_N,,I/O,3,
T26,IO_L12P_T1_MRCC_14,CLKS2_CLK2_BIDIR_P,,I/O,3,
AC27,IO_L12N_T1_MRCC_13,CLKS2_CLK3_BIDIR_N,,I/O,2,
AB27,IO_L12P_T1_MRCC_13,CLKS2_CLK3_BIDIR_P,,I/O,2,
AC4,IO_L4N_T0_34,D0,,I/O,10,
AC2,IO_L2P_T0_34,D1,,I/O,10,
AC7,IO_L6P_T0_34,D2,,I/O,10,
AC1,IO_L2N_T0_34,D3,,I/O,10,
AD4,IO_L1P_T0_34,D4,,I/O,10,
AD6,IO_L5P_T0_34,D5,,I/O,10,
AC5,IO_L4P_T0_34,D6,,I/O,10,
AE6,IO_L5N_T0_34,D7,,I/O,10,
AE1,IO_L8P_T1_34,D8,,I/O,10,
AF2,IO_L7N_T1_34,D9,,I/O,10,
AE4,IO_L10P_T1_34,D10,,I/O,10,
AF5,IO_L11N_T1_SRCC_34,D11,,I/O,10,
AE3,IO_L10N_T1_34,D12,,I/O,10,
AG5,IO_L12N_T1_MRCC_34,D13,,I/O,10,
AE5,IO_L11P_T1_SRCC_34,D14,,I/O,10,
AF1,IO_L8N_T1_34,D15,,I/O,10,
AJ1,IO_L17P_T2_34,D16,,I/O,10,
AK3,IO_L18N_T2_34,D17,,I/O,10,
AH5,IO_L14N_T2_SRCC_34,D18,,I/O,10,
AJ3,IO_L18P_T2_34,D19,,I/O,10,
AJ2,IO_L16N_T2_34,D20,,I/O,10,
AJ4,IO_L13N_T2_MRCC_34,D21,,I/O,10,
AH6,IO_L14P_T2_SRCC_34,D22,,I/O,10,
AK1,IO_L17N_T2_34,D23,,I/O,10,
AK5,IO_L24P_T3_34,D24,,I/O,10,
AJ6,IO_L22P_T3_34,D25,,I/O,10,
AF8,IO_L19P_T3_34,D26,,I/O,10,
AJ8,IO_L23P_T3_34,D27,,I/O,10,
AG7,IO_L20N_T3_34,D28,,I/O,10,
AK8,IO_L23N_T3_34,D29,,I/O,10,
AF7,IO_L20P_T3_34,D30,,I/O,10,
AK4,IO_L24N_T3_34,D31,,I/O,10,
AD3,IO_L1N_T0_34,DM0,,I/O,10,
AF3,IO_L7P_T1_34,DM1,,I/O,10,
AH2,IO_L16P_T2_34,DM2,,I/O,10,
AK6,IO_L22N_T3_34,DM3,,I/O,10,
M10,DONE_0,DONE,,I/O,11,
AD1,IO_L3N_T0_DQS_34,DQS0_N,,I/O,10,
AD2,IO_L3P_T0_DQS_34,DQS0_P,,I/O,10,
AG3,IO_L9N_T1_DQS_34,DQS1_N,,I/O,10,
AG4,IO_L9P_T1_DQS_34,DQS1_P,,I/O,10,
AH1,IO_L15N_T2_DQS_34,DQS2_N,,I/O,10,
AG2,IO_L15P_T2_DQS_34,DQS2_P,,I/O,10,
AJ7,IO_L21N_T3_DQS_34,DQS3_N,,I/O,10,
AH7,IO_L21P_T3_DQS_34,DQS3_P,,I/O,10,
A27,IO_L7N_T1_16,FLASH_CLK,,I/O,5,
B27,IO_L7P_T1_16,FLASH_CSN,,I/O,5,
R20,IO_L2P_T0_D02_14,FLASH_D2,,I/O,3,
R21,IO_L2N_T0_D03_14,FLASH_D3,,I/O,3,
U19,IO_L6P_T0_FCS_B_14,FLASH_FCS_B\,,I/O,3,
R25,IO_L1N_T0_D01_DIN_14,FLASH_Q/D1,,I/O,3,
P24,IO_L1P_T0_D00_MOSI_14,FLASH_SI/D0,,I/O,3,
B20,IO_L19N_T3_VREF_17,FMC1_VREF_A_M2C,,I/O,6,
G24,IO_L6N_T0_VREF_16,FMC1_VREF_A_M2C,,I/O,5,
H25,IO_L19N_T3_VREF_16,FMC1_VREF_A_M2C,,I/O,5,
K20,IO_L6N_T0_VREF_17,FMC1_VREF_A_M2C,,I/O,6,
E16,IO_L19N_T3_VREF_18,FMC1_VREF_B_M2C,,I/O,7,
K11,IO_L6N_T0_VREF_18,FMC1_VREF_B_M2C,,I/O,7,
AB25,IO_L6N_T0_VREF_13,FMC2_VREF_A_M2C,,I/O,2,
AD26,IO_L19N_T3_VREF_13,FMC2_VREF_A_M2C,,I/O,2,
U20,IO_L6N_T0_D08_VREF_14,FMC2_VREF_A_M2C,,I/O,3,
V20,IO_L19N_T3_A09_D25_VREF_14,FMC2_VREF_A_M2C,,I/O,3,
AE14,IO_L19N_T3_VREF_32,FMC2_VREF_B_M2C,,I/O,8,
AF16,IO_L6N_T0_VREF_32,FMC2_VREF_B_M2C,,I/O,8,
B10,CCLK_0,FPGA_CCLK,,I/O,11,
AH10,IO_L13N_T2_MRCC_33,FPGA_CLK1_N,,I/O,9,
AG10,IO_L13P_T2_MRCC_33,FPGA_CLK1_P,,I/O,9,
K19,IO_L6P_T0_17,FPGA_I2C_SCL,,I/O,6,
G19,IO_0_17,FPGA_I2C_SDA,,I/O,6,
AC26,IO_L19P_T3_13,FPGA_RESET_DN,,I/O,2,
E10,TCK_0,FPGA_TCK,,Input,11,
H10,TDI_0,FPGA_TDI,,Input,11,
G10,TDO_0,FPGA_TDO,,Output,11,
U14,DXN_0,FPGA_THERM.DXN,,Input,11,
U15,DXP_0,FPGA_THERM.DXP,,Input,11,
F10,TMS_0,FPGA_TMS,,Input,11,
A1,GND,GND,,Power,19,
A14,GND,GND,,Power,19,
A2,GND,GND,,Power,19,
A24,GND,GND,,Power,19,
A5,GND,GND,,Power,19,
A6,GND,GND,,Power,19,
A9,GND,GND,,Power,19,
AA1,GND,GND,,Power,20,
AA14,GND,GND,,Power,20,
AA2,GND,GND,,Power,20,
AA24,GND,GND,,Power,20,
AA5,GND,GND,,Power,20,
AA6,GND,GND,,Power,20,
AA7,GND,GND,,Power,20,
AB11,GND,GND,,Power,20,
AB21,GND,GND,,Power,20,
AB3,GND,GND,,Power,20,
AB4,GND,GND,,Power,20,
AC18,GND,GND,,Power,20,
AC28,GND,GND,,Power,20,
AC8,GND,GND,,Power,20,
AD15,GND,GND,,Power,20,
AD25,GND,GND,,Power,20,
AD5,GND,GND,,Power,20,
AE12,GND,GND,,Power,20,
AE2,GND,GND,,Power,20,
AE22,GND,GND,,Power,20,
AF19,GND,GND,,Power,20,
AF29,GND,GND,,Power,20,
AF9,GND,GND,,Power,20,
AG16,GND,GND,,Power,20,
AG26,GND,GND,,Power,20,
AG6,GND,GND,,Power,20,
AH13,GND,GND,,Power,20,
AH23,GND,GND,,Power,20,
AH3,GND,GND,,Power,20,
AJ10,GND,GND,,Power,20,
AJ20,GND,GND,,Power,20,
AJ30,GND,GND,,Power,20,
AK17,GND,GND,,Power,20,
AK27,GND,GND,,Power,20,
AK7,GND,GND,,Power,20,
B11,GND,GND,,Power,19,
B21,GND,GND,,Power,19,
B4,GND,GND,,Power,19,
B8,GND,GND,,Power,19,
B9,GND,GND,,Power,19,
C1,GND,GND,,Power,19,
C18,GND,GND,,Power,19,
C2,GND,GND,,Power,19,
C28,GND,GND,,Power,19,
C6,GND,GND,,Power,19,
C9,GND,GND,,Power,19,
D15,GND,GND,,Power,19,
D25,GND,GND,,Power,19,
D4,GND,GND,,Power,19,
D8,GND,GND,,Power,19,
D9,GND,GND,,Power,19,
E1,GND,GND,,Power,19,
E12,GND,GND,,Power,19,
E2,GND,GND,,Power,19,
E22,GND,GND,,Power,19,
E6,GND,GND,,Power,19,
E9,GND,GND,,Power,19,
F19,GND,GND,,Power,19,
F29,GND,GND,,Power,19,
F4,GND,GND,,Power,19,
F8,GND,GND,,Power,19,
F9,GND,GND,,Power,19,
G1,GND,GND,,Power,19,
G16,GND,GND,,Power,19,
G2,GND,GND,,Power,19,
G26,GND,GND,,Power,19,
G6,GND,GND,,Power,19,
G9,GND,GND,,Power,19,
H13,GND,GND,,Power,19,
H23,GND,GND,,Power,19,
H4,GND,GND,,Power,19,
H8,GND,GND,,Power,19,
H9,GND,GND,,Power,19,
J1,GND,GND,,Power,19,
J10,GND,GND,,Power,19,
J2,GND,GND,,Power,19,
J20,GND,GND,,Power,19,
J30,GND,GND,,Power,19,
J6,GND,GND,,Power,19,
J9,GND,GND,,Power,19,
K17,GND,GND,,Power,19,
K27,GND,GND,,Power,19,
K4,GND,GND,,Power,19,
K8,GND,GND,,Power,19,
K9,GND,GND,,Power,19,
L1,GND,GND,,Power,19,
L14,GND,GND,,Power,19,
L2,GND,GND,,Power,19,
L24,GND,GND,,Power,19,
L6,GND,GND,,Power,19,
L9,GND,GND,,Power,19,
M12,GND,GND,,Power,19,
M14,GND,GND,,Power,19,
M16,GND,GND,,Power,19,
M18,GND,GND,,Power,19,
M21,GND,GND,,Power,19,
M4,GND,GND,,Power,19,
M8,GND,GND,,Power,19,
M9,GND,GND,,Power,19,
N1,GND,GND,,Power,19,
N11,GND,GND,,Power,19,
N13,GND,GND,,Power,19,
N15,GND,GND,,Power,19,
N17,GND,GND,,Power,19,
N2,GND,GND,,Power,19,
N28,GND,GND,,Power,19,
N6,GND,GND,,Power,19,
N9,GND,GND,,Power,19,
P10,GND,GND,,Power,19,
P12,GND,GND,,Power,19,
P14,GNDADC_0,GND,,Power,18,
P16,GND,GND,,Power,19,
P18,GND,GND,,Power,20,
P25,GND,GND,,Power,20,
P4,GND,GND,,Power,19,
P8,GND,GND,,Power,19,
P9,GND,GND,,Power,19,
R1,GND,GND,,Power,20,
R11,GND,GND,,Power,20,
R13,GND,GND,,Power,20,
R14,VREFN_0,GND,,Input,18,
R17,GND,GND,,Power,20,
R2,GND,GND,,Power,20,
R22,GND,GND,,Power,20,
R6,GND,GND,,Power,20,
R9,GND,GND,,Power,20,
T10,GND,GND,,Power,20,
T12,GND,GND,,Power,20,
T16,GND,GND,,Power,20,
T18,GND,GND,,Power,20,
T19,GND,GND,,Power,20,
T29,GND,GND,,Power,20,
T4,GND,GND,,Power,20,
T8,GND,GND,,Power,20,
U1,GND,GND,,Power,20,
U11,GND,GND,,Power,20,
U13,GND,GND,,Power,20,
U17,GND,GND,,Power,20,
U2,GND,GND,,Power,20,
U26,GND,GND,,Power,20,
U6,GND,GND,,Power,20,
U9,GND,GND,,Power,20,
V10,GND,GND,,Power,20,
V12,GND,GND,,Power,20,
V14,GND,GND,,Power,20,
V16,GND,GND,,Power,20,
V18,GND,GND,,Power,20,
V23,GND,GND,,Power,20,
V4,GND,GND,,Power,20,
V8,GND,GND,,Power,20,
V9,GND,GND,,Power,20,
W1,GND,GND,,Power,20,
W11,GND,GND,,Power,20,
W13,GND,GND,,Power,20,
W15,GND,GND,,Power,20,
W17,GND,GND,,Power,20,
W2,GND,GND,,Power,20,
W20,GND,GND,,Power,20,
W30,GND,GND,,Power,20,
W6,GND,GND,,Power,20,
W9,GND,GND,,Power,20,
Y17,GND,GND,,Power,20,
Y27,GND,GND,,Power,20,
Y3,GND,GND,,Power,20,
Y4,GND,GND,,Power,20,
Y7,GND,GND,,Power,20,
Y8,GND,GND,,Power,20,
Y9,GND,GND,,Power,20,
K29,IO_L13N_T2_MRCC_15,HA1_HA00_CC_N,,I/O,4,
K28,IO_L13P_T2_MRCC_15,HA1_HA00_CC_P,,I/O,4,
L27,IO_L11N_T1_SRCC_AD12N_15,HA1_HA01_CC_N,,I/O,4,
L26,IO_L11P_T1_SRCC_AD12P_15,HA1_HA01_CC_P,,I/O,4,
L28,IO_L14N_T2_SRCC_15,HA1_HA02_N,,I/O,4,
M28,IO_L14P_T2_SRCC_15,HA1_HA02_P,,I/O,4,
N30,IO_L17N_T2_A25_15,HA1_HA03_N,,I/O,4,
N29,IO_L17P_T2_A26_15,HA1_HA03_P,,I/O,4,
K30,IO_L9N_T1_DQS_AD11N_15,HA1_HA04_N,,I/O,4,
L30,IO_L9P_T1_DQS_AD11P_15,HA1_HA04_P,,I/O,4,
M30,IO_L15N_T2_DQS_ADV_B_15,HA1_HA05_N,,I/O,4,
M29,IO_L15P_T2_DQS_15,HA1_HA05_P,,I/O,4,
K21,IO_L4N_T0_AD9N_15,HA1_HA06_N,,I/O,4,
L21,IO_L4P_T0_AD9P_15,HA1_HA06_P,,I/O,4,
H29,IO_L7N_T1_AD10N_15,HA1_HA07_N,,I/O,4,
J29,IO_L7P_T1_AD10P_15,HA1_HA07_P,,I/O,4,
J28,IO_L8N_T1_AD3N_15,HA1_HA08_N,,I/O,4,
J27,IO_L8P_T1_AD3P_15,HA1_HA08_P,,I/O,4,
M27,IO_L16N_T2_A27_15,HA1_HA09_N,,I/O,4,
N27,IO_L16P_T2_A28_15,HA1_HA09_P,,I/O,4,
L23,IO_L2N_T0_AD8N_15,HA1_HA10_N,,I/O,4,
L22,IO_L2P_T0_AD8P_15,HA1_HA10_P,,I/O,4,
K24,IO_L3N_T0_DQS_AD1N_15,HA1_HA11_N,,I/O,4,
K23,IO_L3P_T0_DQS_AD1P_15,HA1_HA11_P,,I/O,4,
J26,IO_L10N_T1_AD4N_15,HA1_HA12_N,,I/O,4,
K26,IO_L10P_T1_AD4P_15,HA1_HA12_P,,I/O,4,
N26,IO_L18N_T2_A23_15,HA1_HA13_N,,I/O,4,
N25,IO_L18P_T2_A24_15,HA1_HA13_P,,I/O,4,
J24,IO_L1N_T0_AD0N_15,HA1_HA14_N,,I/O,4,
J23,IO_L1P_T0_AD0P_15,HA1_HA14_P,,I/O,4,
N24,IO_L21N_T3_DQS_A18_15,HA1_HA15_N,,I/O,4,
P23,IO_L21P_T3_DQS_15,HA1_HA15_P,,I/O,4,
M25,IO_L23N_T3_FWE_B_15,HA1_HA16_N,,I/O,4,
M24,IO_L23P_T3_FOE_B_15,HA1_HA16_P,,I/O,4,
K25,IO_L12N_T1_MRCC_AD5N_15,HA1_HA17_CC_N,,I/O,4,
L25,IO_L12P_T1_MRCC_AD5P_15,HA1_HA17_CC_P,,I/O,4,
J22,IO_L5N_T0_AD2N_15,HA1_HA18_N,,I/O,4,
J21,IO_L5P_T0_AD2P_15,HA1_HA18_P,,I/O,4,
N22,IO_L20N_T3_A19_15,HA1_HA19_N,,I/O,4,
N21,IO_L20P_T3_A20_15,HA1_HA19_P,,I/O,4,
M23,IO_L24N_T3_RS0_15,HA1_HA20_N,,I/O,4,
M22,IO_L24P_T3_RS1_15,HA1_HA20_P,,I/O,4,
P22,IO_L22N_T3_A16_15,HA1_HA21_N,,I/O,4,
P21,IO_L22P_T3_A17_15,HA1_HA21_P,,I/O,4,
L20,IO_L6N_T0_VREF_15,HA1_HA22_N,,I/O,4,
M20,IO_L6P_T0_15,HA1_HA22_P,,I/O,4,
N20,IO_L19N_T3_A21_VREF_15,HA1_HA23_N,,I/O,4,
N19,IO_L19P_T3_A22_15,HA1_HA23_P,,I/O,4,
AH24,IO_L14N_T2_SRCC_12,HA2_HA00_CC_N,,I/O,1,
AG24,IO_L14P_T2_SRCC_12,HA2_HA00_CC_P,,I/O,1,
AG23,IO_L13N_T2_MRCC_12,HA2_HA01_CC_N,,I/O,1,
AF22,IO_L13P_T2_MRCC_12,HA2_HA01_CC_P,,I/O,1,
AH20,IO_L22N_T3_12,HA2_HA02_N,,I/O,1,
AG20,IO_L22P_T3_12,HA2_HA02_P,,I/O,1,
AK25,IO_L15N_T2_DQS_12,HA2_HA03_N,,I/O,1,
AJ24,IO_L15P_T2_DQS_12,HA2_HA03_P,,I/O,1,
AF21,IO_L19N_T3_VREF_12,HA2_HA04_N,,I/O,1,
AF20,IO_L19P_T3_12,HA2_HA04_P,,I/O,1,
AH25,IO_L18N_T2_12,HA2_HA05_N,,I/O,1,
AG25,IO_L18P_T2_12,HA2_HA05_P,,I/O,1,
AK24,IO_L17N_T2_12,HA2_HA06_N,,I/O,1,
AK23,IO_L17P_T2_12,HA2_HA06_P,,I/O,1,
AK21,IO_L24N_T3_12,HA2_HA07_N,,I/O,1,
AK20,IO_L24P_T3_12,HA2_HA07_P,,I/O,1,
AJ21,IO_L23N_T3_12,HA2_HA08_N,,I/O,1,
AH21,IO_L23P_T3_12,HA2_HA08_P,,I/O,1,
AJ23,IO_L21N_T3_DQS_12,HA2_HA09_N,,I/O,1,
AJ22,IO_L21P_T3_DQS_12,HA2_HA09_P,,I/O,1,
AE21,IO_L10N_T1_12,HA2_HA10_N,,I/O,1,
AD21,IO_L10P_T1_12,HA2_HA10_P,,I/O,1,
AH22,IO_L20N_T3_12,HA2_HA11_N,,I/O,1,
AG22,IO_L20P_T3_12,HA2_HA11_P,,I/O,1,
AF23,IO_L11N_T1_SRCC_12,HA2_HA12_N,,I/O,1,
AE23,IO_L11P_T1_SRCC_12,HA2_HA12_P,,I/O,1,
AC21,IO_L5N_T0_12,HA2_HA13_N,,I/O,1,
AC20,IO_L5P_T0_12,HA2_HA13_P,,I/O,1,
AB23,IO_L3N_T0_DQS_12,HA2_HA14_N,,I/O,1,
AB22,IO_L3P_T0_DQS_12,HA2_HA14_P,,I/O,1,
AD22,IO_L8N_T1_12,HA2_HA15_N,,I/O,1,
AC22,IO_L8P_T1_12,HA2_HA15_P,,I/O,1,
AF25,IO_L16N_T2_12,HA2_HA16_N,,I/O,1,
AE25,IO_L16P_T2_12,HA2_HA16_P,,I/O,1,
AE24,IO_L12N_T1_MRCC_12,HA2_HA17_CC_N,,I/O,1,
AD23,IO_L12P_T1_MRCC_12,HA2_HA17_CC_P,,I/O,1,
AB20,IO_L6N_T0_VREF_12,HA2_HA18_N,,I/O,1,
AA20,IO_L6P_T0_12,HA2_HA18_P,,I/O,1,
AC25,IO_L7N_T1_12,HA2_HA19_N,,I/O,1,
AB24,IO_L7P_T1_12,HA2_HA19_P,,I/O,1,
AD24,IO_L9N_T1_DQS_12,HA2_HA20_N,,I/O,1,
AC24,IO_L9P_T1_DQS_12,HA2_HA20_P,,I/O,1,
AA21,IO_L2N_T0_12,HA2_HA21_N,,I/O,1,
Y21,IO_L2P_T0_12,HA2_HA21_P,,I/O,1,
AA23,IO_L4N_T0_12,HA2_HA22_N,,I/O,1,
AA22,IO_L4P_T0_12,HA2_HA22_P,,I/O,1,
Y24,IO_L1N_T0_12,HA2_HA23_N,,I/O,1,
Y23,IO_L1P_T0_12,HA2_HA23_P,,I/O,1,
F13,IO_L12N_T1_MRCC_18,HB1_HB00_CC_N,,I/O,7,
G13,IO_L12P_T1_MRCC_18,HB1_HB00_CC_P,,I/O,7,
H16,IO_L9N_T1_DQS_18,HB1_HB01_N,,I/O,7,
J16,IO_L9P_T1_DQS_18,HB1_HB01_P,,I/O,7,
K15,IO_L2N_T0_18,HB1_HB02_N,,I/O,7,
L15,IO_L2P_T0_18,HB1_HB02_P,,I/O,7,
K16,IO_L1N_T0_18,HB1_HB03_N,,I/O,7,
L16,IO_L1P_T0_18,HB1_HB03_P,,I/O,7,
E15,IO_L20N_T3_18,HB1_HB04_N,,I/O,7,
E14,IO_L20P_T3_18,HB1_HB04_P,,I/O,7,
B15,IO_L23N_T3_18,HB1_HB05_N,,I/O,7,
C15,IO_L23P_T3_18,HB1_HB05_P,,I/O,7,
G14,IO_L11N_T1_SRCC_18,HB1_HB06_CC_N,,I/O,7,
H14,IO_L11P_T1_SRCC_18,HB1_HB06_CC_P,,I/O,7,
G15,IO_L7N_T1_18,HB1_HB07_N,,I/O,7,
H15,IO_L7P_T1_18,HB1_HB07_P,,I/O,7,
B12,IO_L15N_T2_DQS_18,HB1_HB08_N,,I/O,7,
C12,IO_L15P_T2_DQS_18,HB1_HB08_P,,I/O,7,
J14,IO_L5N_T0_18,HB1_HB09_N,,I/O,7,
K14,IO_L5P_T0_18,HB1_HB09_P,,I/O,7,
A15,IO_L24N_T3_18,HB1_HB10_N,,I/O,7,
B14,IO_L24P_T3_18,HB1_HB10_P,,I/O,7,
E13,IO_L14N_T2_SRCC_18,HB1_HB11_N,,I/O,7,
F12,IO_L14P_T2_SRCC_18,HB1_HB11_P,,I/O,7,
J12,IO_L8N_T1_18,HB1_HB12_N,,I/O,7,
J11,IO_L8P_T1_18,HB1_HB12_P,,I/O,7,
H12,IO_L10N_T1_18,HB1_HB13_N,,I/O,7,
H11,IO_L10P_T1_18,HB1_HB13_P,,I/O,7,
C14,IO_L21N_T3_DQS_18,HB1_HB14_N,,I/O,7,
D14,IO_L21P_T3_DQS_18,HB1_HB14_P,,I/O,7,
E11,IO_L16N_T2_18,HB1_HB15_N,,I/O,7,
F11,IO_L16P_T2_18,HB1_HB15_P,,I/O,7,
L13,IO_L3N_T0_DQS_18,HB1_HB16_N,,I/O,7,
L12,IO_L3P_T0_DQS_18,HB1_HB16_P,,I/O,7,
D13,IO_L13N_T2_MRCC_18,HB1_HB17_CC_N,,I/O,7,
D12,IO_L13P_T2_MRCC_18,HB1_HB17_CC_P,,I/O,7,
A13,IO_L22N_T3_18,HB1_HB18_N,,I/O,7,
B13,IO_L22P_T3_18,HB1_HB18_P,,I/O,7,
J13,IO_L4N_T0_18,HB1_HB19_N,,I/O,7,
K13,IO_L4P_T0_18,HB1_HB19_P,,I/O,7,
A12,IO_L17N_T2_18,HB1_HB20_N,,I/O,7,
A11,IO_L17P_T2_18,HB1_HB20_P,,I/O,7,
C11,IO_L18N_T2_18,HB1_HB21_N,,I/O,7,
D11,IO_L18P_T2_18,HB1_HB21_P,,I/O,7,
AG18,IO_L11N_T1_SRCC_32,HB2_HB00_CC_N,,I/O,8,
AF18,IO_L11P_T1_SRCC_32,HB2_HB00_CC_P,,I/O,8,
AJ16,IO_L3N_T0_DQS_32,HB2_HB01_N,,I/O,8,
AH16,IO_L3P_T0_DQS_32,HB2_HB01_P,,I/O,8,
AH15,IO_L2N_T0_32,HB2_HB02_N,,I/O,8,
AG15,IO_L2P_T0_32,HB2_HB02_P,,I/O,8,
AK15,IO_L1N_T0_32,HB2_HB03_N,,I/O,8,
AK16,IO_L1P_T0_32,HB2_HB03_P,,I/O,8,
AK19,IO_L7N_T1_32,HB2_HB04_N,,I/O,8,
AJ19,IO_L7P_T1_32,HB2_HB04_P,,I/O,8,
AK18,IO_L9N_T1_DQS_32,HB2_HB05_N,,I/O,8,
AJ18,IO_L9P_T1_DQS_32,HB2_HB05_P,,I/O,8,
AG17,IO_L12N_T1_MRCC_32,HB2_HB06_CC_N,,I/O,8,
AF17,IO_L12P_T1_MRCC_32,HB2_HB06_CC_P,,I/O,8,
AJ17,IO_L5N_T0_32,HB2_HB07_N,,I/O,8,
AH17,IO_L5P_T0_32,HB2_HB07_P,,I/O,8,
AG14,IO_L4N_T0_32,HB2_HB08_N,,I/O,8,
AF15,IO_L4P_T0_32,HB2_HB08_P,,I/O,8,
AH19,IO_L8N_T1_32,HB2_HB09_N,,I/O,8,
AG19,IO_L8P_T1_32,HB2_HB09_P,,I/O,8,
AC17,IO_L18N_T2_32,HB2_HB10_N,,I/O,8,
AB17,IO_L18P_T2_32,HB2_HB10_P,,I/O,8,
AC19,IO_L17N_T2_32,HB2_HB11_N,,I/O,8,
AB19,IO_L17P_T2_32,HB2_HB11_P,,I/O,8,
AD16,IO_L14N_T2_SRCC_32,HB2_HB12_N,,I/O,8,
AD17,IO_L14P_T2_SRCC_32,HB2_HB12_P,,I/O,8,
AE19,IO_L10N_T1_32,HB2_HB13_N,,I/O,8,
AD19,IO_L10P_T1_32,HB2_HB13_P,,I/O,8,
AB15,IO_L20N_T3_32,HB2_HB14_N,,I/O,8,
AA15,IO_L20P_T3_32,HB2_HB14_P,,I/O,8,
Y15,IO_L24N_T3_32,HB2_HB15_N,,I/O,8,
Y16,IO_L24P_T3_32,HB2_HB15_P,,I/O,8,
AD14,IO_L22N_T3_32,HB2_HB16_N,,I/O,8,
AC14,IO_L22P_T3_32,HB2_HB16_P,,I/O,8,
AE18,IO_L13N_T2_MRCC_32,HB2_HB17_CC_N,,I/O,8,
AD18,IO_L13P_T2_MRCC_32,HB2_HB17_CC_P,,I/O,8,
AA16,IO_L23N_T3_32,HB2_HB18_N,,I/O,8,
AA17,IO_L23P_T3_32,HB2_HB18_P,,I/O,8,
AC15,IO_L21N_T3_DQS_32,HB2_HB19_N,,I/O,8,
AC16,IO_L21P_T3_DQS_32,HB2_HB19_P,,I/O,8,
Y18,IO_L15N_T2_DQS_32,HB2_HB20_N,,I/O,8,
Y19,IO_L15P_T2_DQS_32,HB2_HB20_P,,I/O,8,
AB18,IO_L16N_T2_32,HB2_HB21_N,,I/O,8,
AA18,IO_L16P_T2_32,HB2_HB21_P,,I/O,8,
A10,INIT_B_0,INIT_B,,I/O,11,
AC6,IO_0_VRN_34,IO0_33,,I/O,10,
AH4,IO_L13P_T2_MRCC_34,IO13_33,,I/O,10,
AB7,IO_25_VRP_34,IO25_33,,I/O,10,
AA10,IO_L5N_T0_33,IO_RX_P17,,I/O,9,
AC10,IO_L7N_T1_33,IO_RX_P18,,I/O,9,
AB9,IO_L3P_T0_DQS_33,IO_RX_P19,,I/O,9,
AA8,IO_L2P_T0_33,IO_RX_P20,,I/O,9,
AA12,IO_L1P_T0_33,IO_TX_P17,,I/O,9,
AE8,IO_L8N_T1_33,IO_TX_P18,,I/O,9,
AB8,IO_L2N_T0_33,IO_TX_P19,,I/O,9,
Y10,IO_L4N_T0_33,IO_TX_P20,,I/O,9,
C26,IO_L11N_T1_SRCC_16,LA1_LA00_CC_N,,I/O,5,
D26,IO_L11P_T1_SRCC_16,LA1_LA00_CC_P,,I/O,5,
D28,IO_L14N_T2_SRCC_16,LA1_LA01_CC_N,,I/O,5,
E28,IO_L14P_T2_SRCC_16,LA1_LA01_CC_P,,I/O,5,
F27,IO_L21N_T3_DQS_16,LA1_LA02_N,,I/O,5,
G27,IO_L21P_T3_DQS_16,LA1_LA02_P,,I/O,5,
G30,IO_L24N_T3_16,LA1_LA03_N,,I/O,5,
H30,IO_L24P_T3_16,LA1_LA03_P,,I/O,5,
F30,IO_L22N_T3_16,LA1_LA04_N,,I/O,5,
G29,IO_L22P_T3_16,LA1_LA04_P,,I/O,5,
C30,IO_L16N_T2_16,LA1_LA05_N,,I/O,5,
D29,IO_L16P_T2_16,LA1_LA05_P,,I/O,5,
F28,IO_L20N_T3_16,LA1_LA06_N,,I/O,5,
G28,IO_L20P_T3_16,LA1_LA06_P,,I/O,5,
A30,IO_L17N_T2_16,LA1_LA07_N,,I/O,5,
B30,IO_L17P_T2_16,LA1_LA07_P,,I/O,5,
E30,IO_L18N_T2_16,LA1_LA08_N,,I/O,5,
E29,IO_L18P_T2_16,LA1_LA08_P,,I/O,5,
B24,IO_L8N_T1_16,LA1_LA09_N,,I/O,5,
C24,IO_L8P_T1_16,LA1_LA09_P,,I/O,5,
B29,IO_L15N_T2_DQS_16,LA1_LA10_N,,I/O,5,
C29,IO_L15P_T2_DQS_16,LA1_LA10_P,,I/O,5,
A26,IO_L10N_T1_16,LA1_LA11_N,,I/O,5,
A25,IO_L10P_T1_16,LA1_LA11_P,,I/O,5,
A28,IO_L9N_T1_DQS_16,LA1_LA12_N,,I/O,5,
B28,IO_L9P_T1_DQS_16,LA1_LA12_P,,I/O,5,
A23,IO_L1N_T0_16,LA1_LA13_N,,I/O,5,
B23,IO_L1P_T0_16,LA1_LA13_P,,I/O,5,
E25,IO_L3N_T0_DQS_16,LA1_LA14_N,,I/O,5,
F25,IO_L3P_T0_DQS_16,LA1_LA14_P,,I/O,5,
H27,IO_L23N_T3_16,LA1_LA15_N,,I/O,5,
H26,IO_L23P_T3_16,LA1_LA15_P,,I/O,5,
E26,IO_L5N_T0_16,LA1_LA16_N,,I/O,5,
F26,IO_L5P_T0_16,LA1_LA16_P,,I/O,5,
D19,IO_L14N_T2_SRCC_17,LA1_LA17_CC_N,,I/O,6,
E19,IO_L14P_T2_SRCC_17,LA1_LA17_CC_P,,I/O,6,
E21,IO_L11N_T1_SRCC_17,LA1_LA18_CC_N,,I/O,6,
F21,IO_L11P_T1_SRCC_17,LA1_LA18_CC_P,,I/O,6,
A22,IO_L23N_T3_17,LA1_LA19_N,,I/O,6,
B22,IO_L23P_T3_17,LA1_LA19_P,,I/O,6,
A21,IO_L21N_T3_DQS_17,LA1_LA20_N,,I/O,6,
A20,IO_L21P_T3_DQS_17,LA1_LA20_P,,I/O,6,
L18,IO_L5N_T0_17,LA1_LA21_N,,I/O,6,
L17,IO_L5P_T0_17,LA1_LA21_P,,I/O,6,
H17,IO_L3N_T0_DQS_17,LA1_LA22_N,,I/O,6,
J17,IO_L3P_T0_DQS_17,LA1_LA22_P,,I/O,6,
C22,IO_L10N_T1_17,LA1_LA23_N,,I/O,6,
D22,IO_L10P_T1_17,LA1_LA23_P,,I/O,6,
B19,IO_L24N_T3_17,LA1_LA24_N,,I/O,6,
C19,IO_L24P_T3_17,LA1_LA24_P,,I/O,6,
A18,IO_L22N_T3_17,LA1_LA25_N,,I/O,6,
B18,IO_L22P_T3_17,LA1_LA25_P,,I/O,6,
A17,IO_L20N_T3_17,LA1_LA26_N,,I/O,6,
A16,IO_L20P_T3_17,LA1_LA26_P,,I/O,6,
C16,IO_L15N_T2_DQS_17,LA1_LA27_N,,I/O,6,
D16,IO_L15P_T2_DQS_17,LA1_LA27_P,,I/O,6,
H19,IO_L4N_T0_17,LA1_LA28_N,,I/O,6,
J19,IO_L4P_T0_17,LA1_LA28_P,,I/O,6,
C21,IO_L8N_T1_17,LA1_LA29_N,,I/O,6,
D21,IO_L8P_T1_17,LA1_LA29_P,,I/O,6,
F18,IO_L16N_T2_17,LA1_LA30_N,,I/O,6,
G18,IO_L16P_T2_17,LA1_LA30_P,,I/O,6,
J18,IO_L1N_T0_17,LA1_LA31_N,,I/O,6,
K18,IO_L1P_T0_17,LA1_LA31_P,,I/O,6,
F17,IO_L18N_T2_17,LA1_LA32_N,,I/O,6,
G17,IO_L18P_T2_17,LA1_LA32_P,,I/O,6,
B17,IO_L17N_T2_17,LA1_LA33_N,,I/O,6,
C17,IO_L17P_T2_17,LA1_LA33_P,,I/O,6,
AF28,IO_L14N_T2_SRCC_13,LA2_LA00_CC_N,,I/O,2,
AE28,IO_L14P_T2_SRCC_13,LA2_LA00_CC_P,,I/O,2,
AD28,IO_L11N_T1_SRCC_13,LA2_LA01_CC_N,,I/O,2,
AD27,IO_L11P_T1_SRCC_13,LA2_LA01_CC_P,,I/O,2,
AK26,IO_L24N_T3_13,LA2_LA02_N,,I/O,2,
AJ26,IO_L24P_T3_13,LA2_LA02_P,,I/O,2,
AA26,IO_L1N_T0_13,LA2_LA03_N,,I/O,2,
Y26,IO_L1P_T0_13,LA2_LA03_P,,I/O,2,
AB30,IO_L10N_T1_13,LA2_LA04_N,,I/O,2,
AB29,IO_L10P_T1_13,LA2_LA04_P,,I/O,2,
AJ29,IO_L17N_T2_13,LA2_LA05_N,,I/O,2,
AJ28,IO_L17P_T2_13,LA2_LA05_P,,I/O,2,
AK28,IO_L20N_T3_13,LA2_LA06_N,,I/O,2,
AJ27,IO_L20P_T3_13,LA2_LA06_P,,I/O,2,
AB28,IO_L5N_T0_13,LA2_LA07_N,,I/O,2,
AA27,IO_L5P_T0_13,LA2_LA07_P,,I/O,2,
AG28,IO_L21N_T3_DQS_13,LA2_LA08_N,,I/O,2,
AG27,IO_L21P_T3_DQS_13,LA2_LA08_P,,I/O,2,
AF27,IO_L23N_T3_13,LA2_LA09_N,,I/O,2,
AF26,IO_L23P_T3_13,LA2_LA09_P,,I/O,2,
AA30,IO_L8N_T1_13,LA2_LA10_N,,I/O,2,
Y30,IO_L8P_T1_13,LA2_LA10_P,,I/O,2,
W28,IO_L2N_T0_13,LA2_LA11_N,,I/O,2,
W27,IO_L2P_T0_13,LA2_LA11_P,,I/O,2,
AH30,IO_L18N_T2_13,LA2_LA12_N,,I/O,2,
AG30,IO_L18P_T2_13,LA2_LA12_P,,I/O,2,
AA28,IO_L3N_T0_DQS_13,LA2_LA13_N,,I/O,2,
Y28,IO_L3P_T0_DQS_13,LA2_LA13_P,,I/O,2,
Y29,IO_L4N_T0_13,LA2_LA14_N,,I/O,2,
W29,IO_L4P_T0_13,LA2_LA14_P,,I/O,2,
AF30,IO_L16N_T2_13,LA2_LA15_N,,I/O,2,
AE30,IO_L16P_T2_13,LA2_LA15_P,,I/O,2,
AE29,IO_L9N_T1_DQS_13,LA2_LA16_N,,I/O,2,
AD29,IO_L9P_T1_DQS_13,LA2_LA16_P,,I/O,2,
U25,IO_L14N_T2_SRCC_14,LA2_LA17_CC_N,,I/O,3,
T25,IO_L14P_T2_SRCC_14,LA2_LA17_CC_P,,I/O,3,
T28,IO_L11N_T1_SRCC_14,LA2_LA18_CC_N,,I/O,3,
R28,IO_L11P_T1_SRCC_14,LA2_LA18_CC_P,,I/O,3,
W26,IO_L18N_T2_A11_D27_14,LA2_LA19_N,,I/O,3,
V25,IO_L18P_T2_A12_D28_14,LA2_LA19_P,,I/O,3,
V27,IO_L16N_T2_A15_D31_14,LA2_LA20_N,,I/O,3,
V26,IO_L16P_T2_CSI_B_14,LA2_LA20_P,,I/O,3,
V30,IO_L17N_T2_A13_D29_14,LA2_LA21_N,,I/O,3,
V29,IO_L17P_T2_A14_D30_14,LA2_LA21_P,,I/O,3,
V22,IO_L22N_T3_A04_D20_14,LA2_LA22_N,,I/O,3,
V21,IO_L22P_T3_A05_D21_14,LA2_LA22_P,,I/O,3,
W22,IO_L24N_T3_A00_D16_14,LA2_LA23_N,,I/O,3,
W21,IO_L24P_T3_A01_D17_14,LA2_LA23_P,,I/O,3,
U30,IO_L15N_T2_DQS_DOUT_CSO_B_14,LA2_LA24_N,,I/O,3,
U29,IO_L15P_T2_DQS_RDWR_B_14,LA2_LA24_P,,I/O,3,
W24,IO_L20N_T3_A07_D23_14,LA2_LA25_N,,I/O,3,
W23,IO_L20P_T3_A08_D24_14,LA2_LA25_P,,I/O,3,
V24,IO_L23N_T3_A02_D18_14,LA2_LA26_N,,I/O,3,
U24,IO_L23P_T3_A03_D19_14,LA2_LA26_P,,I/O,3,
U23,IO_L21N_T3_DQS_A06_D22_14,LA2_LA27_N,,I/O,3,
U22,IO_L21P_T3_DQS_14,LA2_LA27_P,,I/O,3,
T23,IO_L5N_T0_D07_14,LA2_LA28_N,,I/O,3,
T22,IO_L5P_T0_D06_14,LA2_LA28_P,,I/O,3,
T21,IO_L4N_T0_D05_14,LA2_LA29_N,,I/O,3,
T20,IO_L4P_T0_D04_14,LA2_LA29_P,,I/O,3,
R26,IO_L10N_T1_D15_14,LA2_LA30_N,,I/O,3,
P26,IO_L10P_T1_D14_14,LA2_LA30_P,,I/O,3,
T30,IO_L9N_T1_DQS_D13_14,LA2_LA31_N,,I/O,3,
R30,IO_L9P_T1_DQS_14,LA2_LA31_P,,I/O,3,
P28,IO_L8N_T1_D12_14,LA2_LA32_N,,I/O,3,
P27,IO_L8P_T1_D11_14,LA2_LA32_P,,I/O,3,
R29,IO_L7N_T1_D10_14,LA2_LA33_N,,I/O,3,
P29,IO_L7P_T1_D09_14,LA2_LA33_P,,I/O,3,
F23,IO_0_16,LED_B,,I/O,5,
G25,IO_25_16,LED_G,,I/O,5,
G23,IO_L6P_T0_16,LED_R,,I/O,5,
AB5,M0_0,M0,,Input,11,
AB2,M1_0,M1,,Input,11,
AB1,M2_0,M2,,Input,11,
R7,MGTREFCLK0N_115,MGT115_CLK0_N,,Input,12,
R8,MGTREFCLK0P_115,MGT115_CLK0_P,,Input,12,
U7,MGTREFCLK1N_115,MGT115_CLK1_N,,Input,12,
U8,MGTREFCLK1P_115,MGT115_CLK1_P,,Input,12,
L7,MGTREFCLK0N_116,MGT116_CLK0_N,,Input,13,
L8,MGTREFCLK0P_116,MGT116_CLK0_P,,Input,13,
N7,MGTREFCLK1N_116,MGT116_CLK1_N,,Input,13,
N8,MGTREFCLK1P_116,MGT116_CLK1_P,,Input,13,
G7,MGTREFCLK0N_117,MGT117_CLK0_N,,Input,14,
G8,MGTREFCLK0P_117,MGT117_CLK0_P,,Input,14,
J7,MGTREFCLK1N_117,MGT117_CLK1_N,,Input,14,
J8,MGTREFCLK1P_117,MGT117_CLK1_P,,Input,14,
C7,MGTREFCLK0N_118,MGT118_CLK0_N,,Input,15,
C8,MGTREFCLK0P_118,MGT118_CLK0_P,,Input,15,
E7,MGTREFCLK1N_118,MGT118_CLK1_N,,Input,15,
E8,MGTREFCLK1P_118,MGT118_CLK1_P,,Input,15,
B7,MGTAVCC,MGTAVCC,,Power,16,
D7,MGTAVCC,MGTAVCC,,Power,16,
F7,MGTAVCC,MGTAVCC,,Power,16,
H7,MGTAVCC,MGTAVCC,,Power,16,
K7,MGTAVCC,MGTAVCC,,Power,16,
M7,MGTAVCC,MGTAVCC,,Power,16,
P7,MGTAVCC,MGTAVCC,,Power,16,
B3,MGTAVTT,MGTAVTT,,Power,16,
C5,MGTAVTT,MGTAVTT,,Power,16,
D3,MGTAVTT,MGTAVTT,,Power,16,
E5,MGTAVTT,MGTAVTT,,Power,16,
F3,MGTAVTT,MGTAVTT,,Power,16,
G5,MGTAVTT,MGTAVTT,,Power,16,
H3,MGTAVTT,MGTAVTT,,Power,16,
J5,MGTAVTT,MGTAVTT,,Power,16,
K3,MGTAVTT,MGTAVTT,,Power,16,
L5,MGTAVTT,MGTAVTT,,Power,16,
M3,MGTAVTT,MGTAVTT,,Power,16,
N5,MGTAVTT,MGTAVTT,,Power,16,
P3,MGTAVTT,MGTAVTT,,Power,16,
R5,MGTAVTT,MGTAVTT,,Power,16,
T3,MGTAVTT,MGTAVTT,,Power,16,
U5,MGTAVTT,MGTAVTT,,Power,16,
V3,MGTAVTT,MGTAVTT,,Power,16,
W5,MGTAVTT,MGTAVTT,,Power,16,
W7,MGTAVTTRCAL_115,MGTAVTT,,Passive,12,
W8,MGTRREF_115,MGTAVTT_R,,Input,12,
T7,MGTVCCAUX,MGTVCCAUX,,Power,16,
V7,MGTVCCAUX,MGTVCCAUX,,Power,16,
AA3,MGTXRXN0_115,MGT_RX115_0_N,,Input,12,
AA4,MGTXRXP0_115,MGT_RX115_0_P,,Input,12,
Y5,MGTXRXN1_115,MGT_RX115_1_N,,Input,12,
Y6,MGTXRXP1_115,MGT_RX115_1_P,,Input,12,
W3,MGTXRXN2_115,MGT_RX115_2_N,,Input,12,
W4,MGTXRXP2_115,MGT_RX115_2_P,,Input,12,
V5,MGTXRXN3_115,MGT_RX115_3_N,,Input,12,
V6,MGTXRXP3_115,MGT_RX115_3_P,,Input,12,
T5,MGTXRXN0_116,MGT_RX116_0_N,,Input,13,
T6,MGTXRXP0_116,MGT_RX116_0_P,,Input,13,
R3,MGTXRXN1_116,MGT_RX116_1_N,,Input,13,
R4,MGTXRXP1_116,MGT_RX116_1_P,,Input,13,
P5,MGTXRXN2_116,MGT_RX116_2_N,,Input,13,
P6,MGTXRXP2_116,MGT_RX116_2_P,,Input,13,
M5,MGTXRXN3_116,MGT_RX116_3_N,,Input,13,
M6,MGTXRXP3_116,MGT_RX116_3_P,,Input,13,
K5,MGTXRXN0_117,MGT_RX117_0_N,,Input,14,
K6,MGTXRXP0_117,MGT_RX117_0_P,,Input,14,
H5,MGTXRXN1_117,MGT_RX117_1_N,,Input,14,
H6,MGTXRXP1_117,MGT_RX117_1_P,,Input,14,
G3,MGTXRXN2_117,MGT_RX117_2_N,,Input,14,
G4,MGTXRXP2_117,MGT_RX117_2_P,,Input,14,
F5,MGTXRXN3_117,MGT_RX117_3_N,,Input,14,
F6,MGTXRXP3_117,MGT_RX117_3_P,,Input,14,
E3,MGTXRXN0_118,MGT_RX118_0_N,,Input,15,
E4,MGTXRXP0_118,MGT_RX118_0_P,,Input,15,
D5,MGTXRXN1_118,MGT_RX118_1_N,,Input,15,
D6,MGTXRXP1_118,MGT_RX118_1_P,,Input,15,
B5,MGTXRXN2_118,MGT_RX118_2_N,,Input,15,
B6,MGTXRXP2_118,MGT_RX118_2_P,,Input,15,
A7,MGTXRXN3_118,MGT_RX118_3_N,,Input,15,
A8,MGTXRXP3_118,MGT_RX118_3_P,,Input,15,
Y1,MGTXTXN0_115,MGT_TX115_0_N,,Output,12,
Y2,MGTXTXP0_115,MGT_TX115_0_P,,Output,12,
V1,MGTXTXN1_115,MGT_TX115_1_N,,Output,12,
V2,MGTXTXP1_115,MGT_TX115_1_P,,Output,12,
U3,MGTXTXN2_115,MGT_TX115_2_N,,Output,12,
U4,MGTXTXP2_115,MGT_TX115_2_P,,Output,12,
T1,MGTXTXN3_115,MGT_TX115_3_N,,Output,12,
T2,MGTXTXP3_115,MGT_TX115_3_P,,Output,12,
P1,MGTXTXN0_116,MGT_TX116_0_N,,Output,13,
P2,MGTXTXP0_116,MGT_TX116_0_P,,Output,13,
N3,MGTXTXN1_116,MGT_TX116_1_N,,Output,13,
N4,MGTXTXP1_116,MGT_TX116_1_P,,Output,13,
M1,MGTXTXN2_116,MGT_TX116_2_N,,Output,13,
M2,MGTXTXP2_116,MGT_TX116_2_P,,Output,13,
L3,MGTXTXN3_116,MGT_TX116_3_N,,Output,13,
L4,MGTXTXP3_116,MGT_TX116_3_P,,Output,13,
K1,MGTXTXN0_117,MGT_TX117_0_N,,Output,14,
K2,MGTXTXP0_117,MGT_TX117_0_P,,Output,14,
J3,MGTXTXN1_117,MGT_TX117_1_N,,Output,14,
J4,MGTXTXP1_117,MGT_TX117_1_P,,Output,14,
H1,MGTXTXN2_117,MGT_TX117_2_N,,Output,14,
H2,MGTXTXP2_117,MGT_TX117_2_P,,Output,14,
F1,MGTXTXN3_117,MGT_TX117_3_N,,Output,14,
F2,MGTXTXP3_117,MGT_TX117_3_P,,Output,14,
D1,MGTXTXN0_118,MGT_TX118_0_N,,Output,15,
D2,MGTXTXP0_118,MGT_TX118_0_P,,Output,15,
C3,MGTXTXN1_118,MGT_TX118_1_N,,Output,15,
C4,MGTXTXP1_118,MGT_TX118_1_P,,Output,15,
B1,MGTXTXN2_118,MGT_TX118_2_N,,Output,15,
B2,MGTXTXP2_118,MGT_TX118_2_P,,Output,15,
A3,MGTXTXN3_118,MGT_TX118_3_N,,Output,15,
A4,MGTXTXP3_118,MGT_TX118_3_P,,Output,15,
AF6,IO_L12P_T1_MRCC_34,NetIC79_AF6,,I/O,10,
R15,VP_0,NetIC79_R15,,Power,18,
T14,VN_0,NetIC79_T14,,Power,18,
AE9,IO_L10N_T1_33,ODT0,,I/O,9,
M11,VCCINT,P1V0,,Power,18,
M13,VCCINT,P1V0,,Power,18,
M15,VCCINT,P1V0,,Power,18,
M17,VCCINT,P1V0,,Power,18,
N10,VCCINT,P1V0,,Power,18,
N12,VCCINT,P1V0,,Power,18,
N14,VCCINT,P1V0,,Power,18,
N18,VCCINT,P1V0,,Power,18,
P11,VCCINT,P1V0,,Power,18,
P17,VCCINT,P1V0,,Power,18,
R10,VCCINT,P1V0,,Power,18,
R12,VCCINT,P1V0,,Power,18,
R18,VCCINT,P1V0,,Power,18,
T11,VCCINT,P1V0,,Power,18,
T17,VCCINT,P1V0,,Power,18,
U10,VCCINT,P1V0,,Power,18,
U12,VCCINT,P1V0,,Power,18,
U18,VCCINT,P1V0,,Power,18,
V17,VCCINT,P1V0,,Power,18,
W18,VCCINT,P1V0,,Power,18,
AA9,VCCO_33,P1V5,,Power,17,
AC13,VCCO_33,P1V5,,Power,17,
AC3,VCCO_34,P1V5,,Power,17,
AD10,VCCO_33,P1V5,,Power,17,
AE7,VCCO_34,P1V5,,Power,17,
AF4,VCCO_34,P1V5,,Power,17,
AG1,VCCO_34,P1V5,,Power,17,
AG11,VCCO_33,P1V5,,Power,17,
AH8,VCCO_34,P1V5,,Power,17,
AJ5,VCCO_34,P1V5,,Power,17,
AK12,VCCO_33,P1V5,,Power,17,
AK2,VCCO_34,P1V5,,Power,17,
Y12,VCCO_33,P1V5,,Power,17,
AB6,VCCO_0,P3V3,,Power,17,
T9,VCCO_0,P3V3,,Power,17,
AB14,IO_25_VRP_32,PLL_VADJ2_DAC1_SYNC_,,I/O,8,
Y14,IO_0_VRN_32,PLL_VADJ2_DAC2_SYNC_,,I/O,8,
Y25,IO_0_13,PLL_VADJ2_DAC_DIN,,I/O,2,
AE26,IO_25_13,PLL_VADJ2_DAC_SCLK,,I/O,2,
K10,PROGRAM_B_0,PROGRAM_B,,Input,11,
R23,IO_L3P_T0_DQS_PUDC_B_14,PUDC,,I/O,3,
A19,VCCO_17,PVADJ1,,Power,17,
A29,VCCO_16,PVADJ1,,Power,17,
B16,VCCO_17,PVADJ1,,Power,17,
B26,VCCO_16,PVADJ1,,Power,17,
C13,VCCO_18,PVADJ1,,Power,17,
C23,VCCO_16,PVADJ1,,Power,17,
D10,VCCO_18,PVADJ1,,Power,17,
D20,VCCO_17,PVADJ1,,Power,17,
D30,VCCO_16,PVADJ1,,Power,17,
E17,VCCO_17,PVADJ1,,Power,17,
E27,VCCO_16,PVADJ1,,Power,17,
F14,VCCO_18,PVADJ1,,Power,17,
F24,VCCO_16,PVADJ1,,Power,17,
G11,VCCO_18,PVADJ1,,Power,17,
G21,VCCO_17,PVADJ1,,Power,17,
H18,VCCO_17,PVADJ1,,Power,17,
H28,VCCO_16,PVADJ1,,Power,17,
J15,VCCO_18,PVADJ1,,Power,17,
J25,VCCO_15,PVADJ1,,Power,17,
K12,VCCO_18,PVADJ1,,Power,17,
K22,VCCO_15,PVADJ1,,Power,17,
L19,VCCO_17,PVADJ1,,Power,17,
L29,VCCO_15,PVADJ1,,Power,17,
M26,VCCO_15,PVADJ1,,Power,17,
N23,VCCO_15,PVADJ1,,Power,17,
P20,VCCO_15,PVADJ1,,Power,17,
AA29,VCCO_13,PVADJ2,,Power,17,
AB26,VCCO_13,PVADJ2,,Power,17,
AC23,VCCO_12,PVADJ2,,Power,17,
AD20,VCCO_12,PVADJ2,,Power,17,
AD30,VCCO_13,PVADJ2,,Power,17,
AE27,VCCO_13,PVADJ2,,Power,17,
AF24,VCCO_12,PVADJ2,,Power,17,
AG21,VCCO_12,PVADJ2,,Power,17,
AH28,VCCO_13,PVADJ2,,Power,17,
AJ25,VCCO_13,PVADJ2,,Power,17,
AK22,VCCO_12,PVADJ2,,Power,17,
P30,VCCO_14,PVADJ2,,Power,17,
R27,VCCO_14,PVADJ2,,Power,17,
T24,VCCO_14,PVADJ2,,Power,17,
U21,VCCO_14,PVADJ2,,Power,17,
V28,VCCO_14,PVADJ2,,Power,17,
W25,VCCO_14,PVADJ2,,Power,17,
Y22,VCCO_12,PVADJ2,,Power,17,
AA19,VCCO_32,PVADJ2_1V8,,Power,17,
AB16,VCCO_32,PVADJ2_1V8,,Power,17,
AE17,VCCO_32,PVADJ2_1V8,,Power,17,
AF14,VCCO_32,PVADJ2_1V8,,Power,17,
AH18,VCCO_32,PVADJ2_1V8,,Power,17,
AJ15,VCCO_32,PVADJ2_1V8,,Power,17,
AA25,IO_L6P_T0_13,PVADJ2_IO7,,I/O,2,
V19,IO_L19P_T3_A10_D26_14,PVADJ2_IO8,,I/O,3,
R24,IO_L3N_T0_DQS_EMCCLK_14,PVADJ2_IO9,,I/O,3,
AE15,IO_L19P_T3_32,PVADJ2_IO10,,I/O,8,
AD9,IO_L10P_T1_33,RAS_N,,I/O,9,
AK14,IO_L20P_T3_33,RST_N,,I/O,9,
G20,IO_L2N_T0_17,RTM_LVD0_N,,I/O,6,
H20,IO_L2P_T0_17,RTM_LVD0_P,,I/O,6,
H22,IO_L7N_T1_17,RTM_LVD1_N,,I/O,6,
H21,IO_L7P_T1_17,RTM_LVD1_P,,I/O,6,
AH27,IO_L22N_T3_13,RTM_LVD2_N,,I/O,2,
AH26,IO_L22P_T3_13,RTM_LVD2_P,,I/O,2,
AC30,IO_L7N_T1_13,RTM_LVD3_N,,I/O,2,
AC29,IO_L7P_T1_13,RTM_LVD3_P,,I/O,2,
AK30,IO_L15N_T2_DQS_13,RTM_LVD4_N,,I/O,2,
AK29,IO_L15P_T2_DQS_13,RTM_LVD4_P,,I/O,2,
D24,IO_L4N_T0_16,RTM_LVD5_N,,I/O,5,
E24,IO_L4P_T0_16,RTM_LVD5_P,,I/O,5,
D23,IO_L2N_T0_16,RTM_LVD6_N,,I/O,5,
E23,IO_L2P_T0_16,RTM_LVD6_P,,I/O,5,
F22,IO_L9N_T1_DQS_17,RTM_LVD7_N,,I/O,6,
G22,IO_L9P_T1_DQS_17,RTM_LVD7_P,,I/O,6,
Y11,IO_L4P_T0_33,R\E\_DE_RX_P17,,I/O,9,
AD8,IO_L8P_T1_33,R\E\_DE_RX_P18,,I/O,9,
AB12,IO_L1N_T0_33,R\E\_DE_RX_P19,,I/O,9,
AB10,IO_L7P_T1_33,R\E\_DE_RX_P20,,I/O,9,
AA11,IO_L5P_T0_33,R\E\_DE_TX_P17,,I/O,9,
AA13,IO_L6P_T0_33,R\E\_DE_TX_P18,,I/O,9,
AC12,IO_L9P_T1_DQS_33,R\E\_DE_TX_P19,,I/O,9,
AC9,IO_L3N_T0_DQS_33,R\E\_DE_TX_P20,,I/O,9,
F16,IO_25_18,TXD,,I/O,7,
P19,IO_25_15,VADJ1_IO0,,I/O,4,
M19,IO_0_15,VADJ1_IO1,,I/O,4,
L11,IO_L6P_T0_18,VADJ1_IO2,,I/O,7,
F15,IO_L19P_T3_18,VADJ1_IO3,,I/O,7,
E18,IO_25_17,VADJ1_IO4,,I/O,6,
C20,IO_L19P_T3_17,VADJ1_IO5,,I/O,6,
H24,IO_L19P_T3_16,VADJ1_IO6,,I/O,5,
G12,IO_0_18,VADJ1_RXD,,I/O,7,
AE16,IO_L6P_T0_32,VADJ2_CLK_UPDATEN,,I/O,8,
Y20,IO_0_12,VADJ2_SI57X_OE,,I/O,1,
R19,IO_0_14,VADJ2_SI57X_SCL,,I/O,3,
W19,IO_25_14,VADJ2_SI57X_SDA,,I/O,3,
AE20,IO_25_12,VADJ2_SI57X_TUNE,,I/O,1,
P13,VCCAUX,VCCAUX,,Power,18,
P15,VCCADC_0,VCCAUX,,Power,18,
T13,VCCAUX,VCCAUX,,Power,18,
V13,VCCAUX,VCCAUX,,Power,18,
V15,VCCAUX,VCCAUX,,Power,18,
W14,VCCAUX,VCCAUX,,Power,18,
V11,VCCAUX_IO_G0,VCCAUX_IO,,Power,18,
W10,VCCAUX_IO_G0,VCCAUX_IO,,Power,18,
W12,VCCAUX_IO_G0,VCCAUX_IO,,Power,18,
C10,VCCBATT_0,VCCBATT,,Power,18,
N16,VCCBRAM,VCCBRAM,,Power,18,
R16,VCCBRAM,VCCBRAM,,Power,18,
U16,VCCBRAM,VCCBRAM,,Power,18,
W16,VCCBRAM,VCCBRAM,,Power,18,
AB13,IO_L6N_T0_VREF_33,VREF,,I/O,9,
AD7,IO_L6N_T0_VREF_34,VREF,,I/O,10,
AF13,IO_L19N_T3_VREF_33,VREF,,I/O,9,
AG8,IO_L19N_T3_VREF_34,VREF,,I/O,10,
T15,VREFP_0,VREF_XDAC,,Input,18,
Y13,IO_0_VRN_33,VRN_33,,I/O,9,
AD13,IO_25_VRP_33,VRP_33,,I/O,9,
AJ9,IO_L15P_T2_DQS_33,WE_N,,I/O,9,
